Theme ID,Theme
1,
2,Abuse
3,Addiction
4,Art
5,Attachement
6,Bullying
7,Cannabilism
8,Decisions
9,Expectations
10,Fate
11,Fears
12,feelings
13,Fun
14,Future
15,Gaming
16,Goals
17,Grief
18,History
19,Holiday
20,Identity
21,Internet
22,Love
23,Manipulation
24,Negative Feelings
25,Nostalgia
26,Obsessive
27,Possesion
28,Pressures
29,Rape
30,Religion
31,Sanity
32,Sexual
33,Sport
34,Stalking
35,Story
36,Suicide
37,Valdation
38,Vegetable Juice
39,Violence
40,Weather
41,Control
42,Fandom
43,Murder
44,Death
45,Memories
46,Escape
47,Sacrifice
48,Harm
49,Life
50,Ignorance
51,Mental Health
